               epoch,      train/box_loss,      train/obj_loss,      train/cls_loss,   metrics/precision,      metrics/recall,     metrics/mAP_0.5,metrics/mAP_0.5:0.95,        val/box_loss,        val/obj_loss,        val/cls_loss,               x/lr0,               x/lr1,               x/lr2
                   0,            0.090287,            0.015409,                   0,             0.52381,             0.49706,             0.49701,             0.15917,            0.062865,            0.011237,                   0,            0.070044,           0.0033284,           0.0033284
                   1,            0.057781,            0.014093,                   0,              0.5987,             0.59118,               0.572,              0.1556,            0.057687,           0.0088639,                   0,            0.039714,            0.006332,            0.006332
                   2,            0.049155,            0.013083,                   0,             0.73387,             0.85882,             0.74066,             0.32857,            0.035076,           0.0084197,                   0,           0.0090547,           0.0090056,           0.0090056
                   3,            0.042014,            0.011433,                   0,              0.8286,             0.87941,             0.89117,             0.50282,            0.032259,           0.0067606,                   0,            0.008515,            0.008515,            0.008515
                   4,            0.037337,           0.0092138,                   0,              0.9164,             0.95294,             0.96311,             0.62929,            0.027409,           0.0055608,                   0,            0.008515,            0.008515,            0.008515
                   5,            0.034009,           0.0078585,                   0,             0.96232,             0.97059,             0.98063,             0.56469,            0.028522,            0.004907,                   0,             0.00802,             0.00802,             0.00802
                   6,            0.030952,           0.0071543,                   0,             0.97578,             0.97059,             0.98914,             0.61484,            0.026084,           0.0042717,                   0,            0.007525,            0.007525,            0.007525
                   7,            0.029244,           0.0065154,                   0,             0.97233,             0.96765,             0.98948,             0.60106,            0.023601,           0.0040379,                   0,             0.00703,             0.00703,             0.00703
                   8,            0.027555,           0.0063172,                   0,             0.98676,             0.95588,             0.99167,             0.68969,            0.021482,           0.0037526,                   0,            0.006535,            0.006535,            0.006535
                   9,            0.025406,            0.005771,                   0,             0.98021,             0.97059,             0.99239,             0.72732,            0.021152,           0.0035484,                   0,             0.00604,             0.00604,             0.00604
                  10,            0.024017,           0.0055426,                   0,             0.98573,             0.97353,             0.99264,              0.6794,             0.02045,           0.0034589,                   0,            0.005545,            0.005545,            0.005545
                  11,            0.023312,           0.0054706,                   0,             0.99042,             0.98235,             0.99383,             0.74333,            0.018744,             0.00335,                   0,             0.00505,             0.00505,             0.00505
                  12,            0.021538,            0.005217,                   0,             0.97592,             0.97941,             0.99265,              0.7669,            0.016899,           0.0032443,                   0,            0.004555,            0.004555,            0.004555
                  13,            0.020184,           0.0049985,                   0,             0.99108,             0.98004,             0.99418,             0.79133,            0.016435,           0.0030346,                   0,             0.00406,             0.00406,             0.00406
                  14,            0.019737,           0.0050042,                   0,             0.99108,             0.98088,             0.99404,              0.7875,            0.016008,           0.0029884,                   0,            0.003565,            0.003565,            0.003565
                  15,            0.018546,           0.0047827,                   0,                   1,             0.98148,              0.9948,             0.81636,            0.015438,            0.002843,                   0,             0.00307,             0.00307,             0.00307
                  16,             0.01753,           0.0046114,                   0,                   1,             0.97862,             0.99462,              0.7961,            0.015103,           0.0027968,                   0,            0.002575,            0.002575,            0.002575
                  17,            0.017329,           0.0046613,                   0,             0.99701,             0.97923,             0.99442,             0.82435,            0.013839,           0.0027434,                   0,             0.00208,             0.00208,             0.00208
                  18,            0.015913,           0.0044121,                   0,             0.97973,             0.99527,             0.99471,             0.82378,            0.013684,           0.0026782,                   0,            0.001585,            0.001585,            0.001585
                  19,            0.016122,           0.0045596,                   0,             0.99738,             0.97647,             0.99465,             0.82791,            0.013402,           0.0026529,                   0,             0.00109,             0.00109,             0.00109
